Region,Location
Europe/Middle East (EMEA),Dubai - Internet City
North America (NAM),Austin - Innovation Hub
Europe/Middle East (EMEA),Paris - La Defense
Europe/Middle East (EMEA),Paris - La Defense
Asia-Pacific (APAC),Hong Kong - Finance Tower
Latin America (LATAM),Mexico City - Reforma
Latin America (LATAM),Bogota - Shared Services
Latin America (LATAM),Mexico City - Reforma
Europe/Middle East (EMEA),London - Canary Wharf
Europe/Middle East (EMEA),Dubai - Internet City
Asia-Pacific (APAC),Singapore - Regional HQ
Asia-Pacific (APAC),Tokyo - Shibuya Office
North America (NAM),San Francisco - Tech Center
Europe/Middle East (EMEA),Berlin - Digital Campus
Europe/Middle East (EMEA),Dubai - Internet City
Europe/Middle East (EMEA),London - Canary Wharf
Asia-Pacific (APAC),Sydney - Opera Square
Europe/Middle East (EMEA),Oslo - Neat HQ
North America (NAM),Chicago - Sales
North America (NAM),Austin - Innovation Hub
North America (NAM),San Francisco - Tech Center
Latin America (LATAM),Mexico City - Reforma
North America (NAM),San Francisco - Tech Center
North America (NAM),New York - HQ
Asia-Pacific (APAC),Singapore - Regional HQ
